id,name,host_id,host_name,neighbourhood_group,neighbourhood,latitude,longitude,room_type,price,minimum_nights,number_of_reviews,last_review,reviews_per_month,calculated_host_listings_count,availability_365
5178,Large Furnished Room Near B'way,8967,Francine,Manhattan,Upper West Side,40.7907,-73.97493,Private room,79,2,430,2019-05-21,3.47,1,0
2539,Clean & quiet apt home by the park,2787,John,Brooklyn,Kensington,40.64749,-73.97237,Private room,149,1,9,2018-10-19,0.21,6,365
3831,Cozy Entire Floor of Brownstone,4869,LisaRoxanne,Brooklyn,Clinton Hill,40.68514,-73.95976,Entire home/apt,89,1,270,2019-07-05,4.64,1,194
3647,THE VILLAGE OF HARLEM....NEW YORK !,4632,Elisabeth,Manhattan,Harlem,40.80902,-73.9419,Private room,150,3,0,,,1,365
2595,Skylit Midtown Castle,2845,Jennifer,Manhattan,Midtown,40.75362,-73.98377,Entire home/apt,225,1,45,2019-05-21,0.38,2,355
5022,Entire Apt: Spacious Studio/Loft by central park,7192,Laura,Manhattan,East Harlem,40.79851,-73.94399,Entire home/apt,80,10,9,2018-11-19,0.1,1,0
5203,Cozy Clean Guest Room - Family Apt,7490,MaryEllen,Manhattan,Upper West Side,40.80178,-73.96723,Private room,79,2,118,2017-05-21,0.99,1,0
5238,Cute & Cozy Lower East Side 1 bdrm,7549,Bernadette,Manhattan,Lower East Side,40.71489,-73.9847,Entire home/apt,150,3,160,2019-05-21,1.33,1,0
